Ronde,Bias optie,Bias antwoord,Maatregel optie,Maatregel antwoord
1,A,Decoy effect,A,We plaatsen een overzicht van de informatie over het virus en omschrijven welke soorten middelen infectie kunnen afremmen of tegenhouden.
1,B,Representativeness Heuristic,B,"De bevolking van Digitanzani� is slim genoeg om te snappen dat dit soort huis, tuin en keukenmiddeltjes hen niet veilig gaan houden. We hoeven niks te doen."
1,C,Negativity bias,C,"Een gevoel van veiligheid is ook wat waard, maar dat moet niet ten koste gaan van anderen. We laten weten dat de tampons niet zullen helpen."
2,A,Spotlight effect,A,Als het gaat om de veiligheid van onze bevolking kunnen we niet genoeg doen! Het dragen van neuskapjes moet verplicht worden buiten huis.
2,B,Authority bias,B,"We weten niet zeker of het dragen van neuskapjes werkt, maar baat het niet dan schaadt het niet. We adviseren burgers om een neuskapje te dragen."
2,C,Hot-hand fallacy,C,We adviseren de burgers zich te houden aan maatregelen waarvan we weten dat die effectief zijn.
3,A,Anchoring,A,Kies pakket 1
3,B,Loss Aversion,B,Kies pakket 2
3,C,Decoy effect,C,Kies pakket 3
4,A,Illusion of validity,A,We halen de sinaasappels uit de schappen voor een periode van een week. Het risico voor de gezondheid van onze burgers is te groot.
4,B,Illusory correlation,B,"We gaan in meer dorpen en steden in het land vergelijkbare data verzamelen. Hiervoor moeten we grof investeren, maar het is de enige manier om zeker te zijn van het effect van sinaasappels op besmetting."
4,C,Confirmation bias,C,We verstrekken sinaasappels via een voedselbon in de helft van de steden. Op deze manier kunnen we experimenteren met de werkelijke impact van sinaasappels op besmettingscijfers.
5,A,Illusory correlation,A,We laten de maatregelen doorgaan met een duidelijk plan wanneer ze versoepeld kunnen worden.
5,B,Authority bias,B,We verlichten het plan voor de avondklok naar 21:30 en verkleinen de afstand tot 1 meter.
5,C,Reactance,C,We schrappen de meest bezwaarlijke maatregelen en voeren alleen de breder gedragen maatregelen in.
6,A,Confabulation,A,De situatie in Digitanzani� is anders dan de rest van de wereld. We houden vast aan de koers en gaan meer versoepelingen doorvoeren.
6,B,Backfire effect,B,We zijn waakzaam en onderzoeken nog iets langer of vooral het afstand houden niet verlengd moet worden.
6,C,Self-serving bias,C,We houden vast aan de versoepelingen van de afstand. Maar we herzien onze conclusies als dit beter blijkt te zijn voor de complete bevolking.
