{
  "titleRound": {
    "roundNumber": "Ronde 1: ",
    "title": "De start"
  },
  "timer": 7,
  "scenario": {
    "scenarioTitle": "Hamsterwoede!",
    "scenarioText": "Met oplopende Olifantengriepcijfers op de horizon zijn inwoners van Engelse Eiland massaal begonnen met het inslaan van tampons. Deze zouden helpen de Olifantengriep uit de neus te houden en daarmee een infectie te voorkomen. De regering van Engelse Eiland verzoekt haar burgers dringend om te stoppen met hamsteren, en verzekert hen ervan dat de voorraden groot genoeg zijn om iedereen te kunnen bedienen. Over de effectiviteit van het tampongebruik als preventie van de Olifantengriep zijn door experts nog geen uitspraken gedaan. In Digitanzanië beginnen de eerste geluiden al op te gaan om spullen in te slaan. Wat moet de overheid doen?"
  },
  "bias": [
    {
      "char": "a",
      "biasName": "Decoy effect",
      "biasDescription": "In de keuze tussen twee producten zal er een voorkeur optreden voor een van de twee zodra je een er een optie tussen plaatst die (asymmetrisch) dichter bij een van de opties ligt.",
      "biasExample": "In de bioscoop verkoopt men kleine, medium en grote popcorn voor €2.50, €3,50 en €4,00 respectievelijk.",
      "points": 0
    },
    {
      "char": "b",
      "biasName": "Representativeness Heuristic",
      "biasDescription": "We hebben de neiging zaken die op elkaar lijken, die representatief zijn voor elkaar, met elkaar te verbinden. Ook als daar geen correlatie of causaal verband tussen bestaat.",
      "biasExample": "In sommige alternatieve geneeswijzen wordt het aangeraden om orgaanvlees te eten overeenkomstig met het orgaan waar de patiënt last van heeft. Het gezonde, geconsumeerde vlees zou dan helpen het zieke weefsel te helen.",
      "points": 5
    },
    {
      "char": "c",
      "biasName": "Negativity bias",
      "biasDescription": "Negatieve prikkels hebben een disproportioneel groter effect op onze gemoedstoestand dan positieve prikkels van eenzelfde intensiteit.",
      "biasExample": "Je zit al een uur in de vergadering met de directie. Je realiseert je dat het 90% van de tijd gaat over risico's, verliezen, bedreigingen en het vermijden van deze zaken.",
      "points": 2
    }
  ],
  "measureOption": [
    {
      "char": "a",
      "answer": "We plaatsen een overzicht van de informatie over het virus en omschrijven welke soorten middelen infectie kunnen afremmen of tegenhouden.",
      "points": 5
    },
    {
      "char": "b",
      "answer": "De bevolking van Digitanzanië is slim genoeg om te snappen dat dit soort huis, tuin en keukenmiddeltjes hen niet veilig gaan houden. We hoeven niks te doen.",
      "points": 0
    },
    {
      "char": "c",
      "answer": "Een gevoel van veiligheid is ook wat waard, maar dat moet niet ten koste gaan van anderen. We laten weten dat de tampons niet zullen helpen.",
      "points": 2
    }
  ],
  "canvas": [
    {
      "points": 1,
      "newsArticles": [
        {
          "newsArticleTitle": "",
          "newsArticleMessage": "",
          "newsArticleSource": "",
          "newsArticlePopup": false
        },
        {
          "newsArticleTitle": "",
          "newsArticleMessage": "",
          "newsArticleSource": "",
          "newsArticlePopup": false
        },
        {
          "newsArticleTitle": "",
          "newsArticleMessage": "",
          "newsArticleSource": "",
          "newsArticlePopup": true
        }
      ],
      "infections": {
        "healthy": "",
        "infected": 0,
        "mutated": 0
      }
    },
    {
      "points": 2,
      "newsArticles": [
        {
          "newsArticleTitle": "",
          "newsArticleMessage": "",
          "newsArticleSource": "",
          "newsArticlePopup": false
        },
        {
          "newsArticleTitle": "",
          "newsArticleMessage": "",
          "newsArticleSource": "",
          "newsArticlePopup": false
        },
        {
          "newsArticleTitle": "",
          "newsArticleMessage": "",
          "newsArticleSource": "",
          "newsArticlePopup": true
        }
      ],
      "infections": {
        "healthy": "",
        "infected": 0,
        "mutated": 0
      }
    },
    {
      "points": 3,
      "newsArticles": [
        {
          "newsArticleTitle": "Experts maken zich zorgen over stijgende aantal besmettingen Olifantengriep",
          "newsArticleMessage": "Veel blijft nog onbekend over de onlangs ontdekte Olifantengriep. Vooralsnog lijkt Noord-Kropslavië het enige land dat getroffen is. Inzichten in de verspreiding en werking van het virus blijven nog uit. Authoriteiten in Degressia zijn begonnen met de eerste maatregelen om het land voor te bereiden op een uitbraak.",
          "newsArticleSource": "~ Degressia Dagblad ~",
          "newsArticlePopup": false
        },
        {
          "newsArticleTitle": "Een nieuw en potentieel levensbedreigend virus is gevonden in Noord-Kropslavië",
          "newsArticleMessage": "De afgelopen dagen zijn er steeds meer gevallen bekend geworden van een nieuw en mogelijk levensbedreigend virus in Noord-Kropslavië. Genaamd de olifantengriep vanwege de gezichtsmutatie die het laatste stadium van besmetting met dit virus met zich mee brengt: een permanente verandering van de neus in een slurf. Epidemiologen en virologen zijn druk bezig met een onderzoek om het virus tegen te gaan.",
          "newsArticleSource": "~ Daily Digitanzanië ~",
          "newsArticlePopup": true
        }
      ],
      "infections": {
        "healthy": 19362815,
        "infected": 0,
        "mutated": 0
      }
    },
    {
      "points": 4,
      "newsArticles": [
        {
          "newsArticleTitle": "",
          "newsArticleMessage": "",
          "newsArticleSource": "",
          "newsArticlePopup": false
        },
        {
          "newsArticleTitle": "",
          "newsArticleMessage": "",
          "newsArticleSource": "",
          "newsArticlePopup": false
        },
        {
          "newsArticleTitle": "",
          "newsArticleMessage": "",
          "newsArticleSource": "",
          "newsArticlePopup": true
        }
      ],
      "infections": {
        "healthy": "",
        "infected": 0,
        "mutated": 0
      }
    },
    {
      "points": 5,
      "newsArticles": [
        {
          "newsArticleTitle": "",
          "newsArticleMessage": "",
          "newsArticleSource": "",
          "newsArticlePopup": false
        },
        {
          "newsArticleTitle": "",
          "newsArticleMessage": "",
          "newsArticleSource": "",
          "newsArticlePopup": false
        },
        {
          "newsArticleTitle": "",
          "newsArticleMessage": "",
          "newsArticleSource": "",
          "newsArticlePopup": false
        }
      ],
      "infections": {
        "healthy": "",
        "infected": 0,
        "mutated": 0
      }
    }
  ]
}